subject_id,label,orientation,slice_idx,filename,file_path,base_subject_id,split,image_path
007_S_4568_scan01,AD,sagittal,8,AD_007_S_4568_scan01_sagittal_008.png,/content/drive/MyDrive/ADNI_PHASE1_PROCESSED//sagittal/AD/AD_007_S_4568_scan01_sagittal_008.png,007_S_4568,test,sagittal/AD/AD_007_S_4568_scan01_sagittal_008.png
002_S_1018_scan12,AD,coronal,5,AD_002_S_1018_scan12_coronal_005.png,/content/drive/MyDrive/ADNI_PHASE1_PROCESSED//coronal/AD/AD_002_S_1018_scan12_coronal_005.png,002_S_1018,train,coronal/AD/AD_002_S_1018_scan12_coronal_005.png
011_S_4278_scan01,CN,coronal,3,CN_011_S_4278_scan01_coronal_003.png,/content/drive/MyDrive/ADNI_PHASE1_PROCESSED//coronal/CN/CN_011_S_4278_scan01_coronal_003.png,011_S_4278,train,coronal/CN/CN_011_S_4278_scan01_coronal_003.png
007_S_1206_scan02,CN,coronal,19,CN_007_S_1206_scan02_coronal_019.png,/content/drive/MyDrive/ADNI_PHASE1_PROCESSED//coronal/CN/CN_007_S_1206_scan02_coronal_019.png,007_S_1206,test,coronal/CN/CN_007_S_1206_scan02_coronal_019.png
094_S_2216_scan07,EMCI,sagittal,5,EMCI_094_S_2216_scan07_sagittal_005.png,/content/drive/MyDrive/ADNI_PHASE1_PROCESSED//sagittal/EMCI/EMCI_094_S_2216_scan07_sagittal_005.png,094_S_2216,train,sagittal/EMCI/EMCI_094_S_2216_scan07_sagittal_005.png
068_S_2187_scan06,EMCI,sagittal,2,EMCI_068_S_2187_scan06_sagittal_002.png,/content/drive/MyDrive/ADNI_PHASE1_PROCESSED//sagittal/EMCI/EMCI_068_S_2187_scan06_sagittal_002.png,068_S_2187,train,sagittal/EMCI/EMCI_068_S_2187_scan06_sagittal_002.png
027_S_4757_scan00,LMCI,sagittal,6,LMCI_027_S_4757_scan00_sagittal_006.png,/content/drive/MyDrive/ADNI_PHASE1_PROCESSED//sagittal/LMCI/LMCI_027_S_4757_scan00_sagittal_006.png,027_S_4757,train,sagittal/LMCI/LMCI_027_S_4757_scan00_sagittal_006.png
023_S_4122_scan07,LMCI,axial,15,LMCI_023_S_4122_scan07_axial_015.png,/content/drive/MyDrive/ADNI_PHASE1_PROCESSED//axial/LMCI/LMCI_023_S_4122_scan07_axial_015.png,023_S_4122,test,axial/LMCI/LMCI_023_S_4122_scan07_axial_015.png
072_S_1211_scan04,MCI,coronal,6,MCI_072_S_1211_scan04_coronal_006.png,/content/drive/MyDrive/ADNI_PHASE1_PROCESSED//coronal/MCI/MCI_072_S_1211_scan04_coronal_006.png,072_S_1211,train,coronal/MCI/MCI_072_S_1211_scan04_coronal_006.png
126_S_4514_scan03,MCI,coronal,11,MCI_126_S_4514_scan03_coronal_011.png,/content/drive/MyDrive/ADNI_PHASE1_PROCESSED//coronal/MCI/MCI_126_S_4514_scan03_coronal_011.png,126_S_4514,val,coronal/MCI/MCI_126_S_4514_scan03_coronal_011.png
